model,norm,seed,protocol,person,num_samples,accuracy,ci,f1_macro,train_time_s,params,disk_kb,latency_median_ms,latency_p95_ms,throughput_sps,epochs,train_time_total_s,lopo_person_mean,lopo_person_min,best_params,cv_accuracy,refit_time_s,model_file
CNN1,L0,2022,lopo,ALL,991,96.3673057517659,1.1649265026855191,0.963698965770346,16.628569662570953,21797.0,287.009765625,3.0684952489536954,4.292501823420025,52883.30091886588,108.0,66.51427865028381,96.35831264197444,89.06882591093117,,,,
CNN1,L0,2022,lopo,dataset_pids_gonzalo,248,98.79032258064515,1.3605741633501731,0.9880312689583892,13.975927352905272,21797.0,287.009765625,3.0832379998173565,4.204964048767579,54149.22279934412,88.0,,,,,,,
CNN1,L0,2022,lopo,dataset_pids_iria,247,97.97570850202428,1.7563187049376636,0.9797611744980166,21.12958669662476,21797.0,287.009765625,3.082924496993656,4.580981296749087,48552.722524265424,138.0,,,,,,,
CNN1,L0,2022,lopo,dataset_pids_marta,247,89.06882591093117,3.891381984462019,0.8877857925590205,14.01209306716919,21797.0,287.009765625,3.0567260000680108,4.1648480990261305,55324.09361911006,92.0,,,,,,,
CNN1,L0,2022,lopo,dataset_pids_miguel,249,99.59839357429718,0.7855663845478564,0.995999599959996,17.396671533584595,21797.0,287.009765625,3.051092498935759,4.219213849137304,53507.164732743935,114.0,,,,,,,
CNN1,L0_size,2022,lopo,ALL,991,98.284561049445,0.8084432303762444,0.9828325679575602,14.08159625530243,21797.0,287.009765625,4.071686875249725,5.514013274478202,46316.83490260246,68.0,56.32638502120972,98.28301878009624,97.57085020242914,,,,
CNN1,L0_size,2022,lopo,dataset_pids_gonzalo,248,97.98387096774194,1.749309638593084,0.980081001472754,11.393902778625488,21797.0,287.009765625,3.970341997046489,5.081768495801953,45398.57832591217,59.0,,,,,,,
CNN1,L0_size,2022,lopo,dataset_pids_iria,247,98.38056680161942,1.5741415192297428,0.983821221928018,12.808529376983644,21797.0,287.009765625,4.066091998538468,5.341382253027404,41645.7736266022,68.0,,,,,,,
CNN1,L0_size,2022,lopo,dataset_pids_marta,247,97.57085020242914,1.91997152585892,0.9757525252525252,13.084930419921877,21797.0,287.009765625,4.105162504856708,5.827002201112919,49981.52148161465,69.0,,,,,,,
CNN1,L0_size,2022,lopo,dataset_pids_miguel,249,99.19678714859438,1.1087165367510772,0.9919967987194876,19.03902244567871,21797.0,287.009765625,4.1451510005572345,5.805900147970532,48241.46617628083,76.0,,,,,,,
CNN1,L0_size,2022,split,ALL,295,98.98305084745763,1.1449198907968057,0.989795612437734,16.263546228408813,21797.0,287.009765625,3.588424500776455,5.028756494721165,45341.643795409,79.0,,,,,,,
CNN1,L0_size,2022,split,dataset_pids_gonzalo,73,98.63013698630137,2.66647815067503,0.9866518353726365,,,,,,,,,,,,,,
CNN1,L0_size,2022,split,dataset_pids_iria,73,100.0,0.0,1.0,,,,,,,,,,,,,,
CNN1,L0_size,2022,split,dataset_pids_marta,74,97.2972972972973,3.6947898152089538,0.971712158808933,,,,,,,,,,,,,,
CNN1,L0_size,2022,split,dataset_pids_miguel,75,100.0,0.0,1.0,,,,,,,,,,,,,,
CNN1,L0_size,2023,lopo,ALL,991,98.18365287588294,0.8314540676502891,0.9818423438279174,40.65106612443924,21797.0,287.009765625,3.985523622759501,5.479411535543477,42060.06953884736,225.0,162.60426449775696,98.1822123284833,97.57085020242914,,,,
CNN1,L0_size,2023,lopo,dataset_pids_gonzalo,248,97.58064516129032,1.9123256853994224,0.9758861236802414,52.40960860252381,21797.0,287.009765625,3.826409498287832,5.327595546259545,42454.4911472692,300.0,,,,,,,
CNN1,L0_size,2023,lopo,dataset_pids_iria,247,98.38056680161942,1.5741415192297428,0.9838335334133652,40.3741569519043,21797.0,287.009765625,3.8800174988864455,5.131949196220376,44092.12843456781,230.0,,,,,,,
CNN1,L0_size,2023,lopo,dataset_pids_marta,247,97.57085020242914,1.91997152585892,0.9757645463064446,54.87593293190002,21797.0,287.009765625,3.976125997724012,5.542838296605622,41433.52653826987,300.0,,,,,,,
CNN1,L0_size,2023,lopo,dataset_pids_miguel,249,99.19678714859438,1.1087165367510772,0.992,14.944566011428831,21797.0,287.009765625,4.259541496139718,5.915263103088364,40260.13203528253,70.0,,,,,,,
CNN1,L0_size,2023,split,ALL,295,98.64406779661016,1.3197739063592384,0.986462985368136,25.77591586112976,21797.0,287.009765625,4.122028003621381,5.777440853853476,44175.25264899754,130.0,,,,,,,
CNN1,L0_size,2023,split,dataset_pids_gonzalo,73,98.63013698630137,2.66647815067503,0.9866518353726365,,,,,,,,,,,,,,
CNN1,L0_size,2023,split,dataset_pids_iria,73,98.63013698630137,2.66647815067503,0.9862068965517242,,,,,,,,,,,,,,
CNN1,L0_size,2023,split,dataset_pids_marta,74,97.2972972972973,3.6947898152089538,0.971712158808933,,,,,,,,,,,,,,
CNN1,L0_size,2023,split,dataset_pids_miguel,75,100.0,0.0,1.0,,,,,,,,,,,,,,
CNN1,L0_size,2024,lopo,ALL,991,97.98183652875882,0.8755283280613678,0.9798290984155322,17.60548686981201,21797.0,287.009765625,3.699664748637588,5.007129474961403,46879.10209013157,96.25,70.42194747924805,97.97978317868576,97.165991902834,,,,
CNN1,L0_size,2024,lopo,dataset_pids_gonzalo,248,97.58064516129032,1.9123256853994224,0.9759959924563884,34.9096782207489,21797.0,287.009765625,3.962182498071343,5.289308547071414,43569.21085575915,187.0,,,,,,,
CNN1,L0_size,2024,lopo,dataset_pids_iria,247,97.97570850202428,1.7563187049376636,0.9797918542612296,13.49413561820984,21797.0,287.009765625,3.581847497116541,4.90155925581348,50138.49142414855,73.0,,,,,,,
CNN1,L0_size,2024,lopo,dataset_pids_marta,247,97.165991902834,2.0694992928117264,0.9715832004253055,10.745238542556764,21797.0,287.009765625,3.5219279998273123,4.772455499187344,48311.6594207393,61.0,,,,,,,
CNN1,L0_size,2024,lopo,dataset_pids_miguel,249,99.19678714859438,1.1087165367510772,0.992,11.272895097732544,21797.0,287.009765625,3.7327009995351546,5.06519459777337,45497.046659879226,64.0,,,,,,,
CNN1,L0_size,2024,split,ALL,295,98.30508474576273,1.4730145900600775,0.9831813319744904,11.994402170181274,21797.0,287.009765625,4.681294500187505,6.872240099983172,43715.81078924225,58.0,,,,,,,
CNN1,L0_size,2024,split,dataset_pids_gonzalo,73,98.63013698630137,2.66647815067503,0.9866518353726365,,,,,,,,,,,,,,
CNN1,L0_size,2024,split,dataset_pids_iria,73,100.0,0.0,1.0,,,,,,,,,,,,,,
CNN1,L0_size,2024,split,dataset_pids_marta,74,94.5945945945946,5.1521382413842645,0.944974116539745,,,,,,,,,,,,,,
CNN1,L0_size,2024,split,dataset_pids_miguel,75,100.0,0.0,1.0,,,,,,,,,,,,,,
CNN1,None,2022,lopo,ALL,991,97.17457114026236,1.03166274763423,0.971823034191021,35.83915191888809,21797.0,287.009765625,4.156645250077418,5.622598587797255,41435.76930910611,181.0,143.35660767555237,97.1684406425493,91.49797570850204,,,,
CNN1,None,2022,lopo,dataset_pids_gonzalo,248,97.58064516129032,1.9123256853994224,0.9756579566218956,63.46870946884155,21797.0,287.009765625,4.945622502418701,6.908957150517378,34931.83216541589,300.0,,,,,,,
CNN1,None,2022,lopo,dataset_pids_iria,247,99.59514170040484,0.7919143176976741,0.995959595959596,32.39076328277588,21797.0,287.009765625,4.062156000145478,5.681525353429606,44669.41349422551,158.0,,,,,,,
CNN1,None,2022,lopo,dataset_pids_marta,247,91.49797570850204,3.478359841553022,0.913477565250615,22.498942375183105,21797.0,287.009765625,3.829222998319892,4.978400945401518,42503.09421761105,126.0,,,,,,,
CNN1,None,2022,lopo,dataset_pids_miguel,249,100.0,0.0,1.0,24.99819254875183,21797.0,287.009765625,3.7895794994256,4.92151090184052,43638.73735917199,140.0,,,,,,,
MLP,L0,2022,lopo,ALL,991,98.0827447023209,0.8537987655830411,0.9808127584864924,14.340502560138702,4997.0,87.833984375,1.84864612583624,2.1359797122386226,98762.0574243198,130.75,57.36201024055481,98.079365260441,95.95141700404858,,,,
MLP,L0,2022,lopo,dataset_pids_gonzalo,248,99.19354838709675,1.113168995095133,0.991996373682244,13.078120946884155,4997.0,87.833984375,1.842623001721222,1.9848866482789165,101604.94334608314,125.0,,,,,,,
MLP,L0,2022,lopo,dataset_pids_iria,247,97.97570850202428,1.7563187049376636,0.9797838462779768,15.64111828804016,4997.0,87.833984375,1.812729999073781,1.99039735198312,103805.0133149019,149.0,,,,,,,
MLP,L0,2022,lopo,dataset_pids_marta,247,95.95141700404858,2.4580166166506183,0.9590323109167704,10.350831270217896,4997.0,87.833984375,1.8878125010814983,2.5184794940287243,93862.34321702612,97.0,,,,,,,
MLP,L0,2022,lopo,dataset_pids_miguel,249,99.19678714859438,1.1087165367510772,0.992,18.2919397354126,4997.0,87.833984375,1.8514190014684573,2.0501553546637297,95775.92981926804,152.0,,,,,,,
MLP,L0_size,2022,lopo,ALL,991,97.78002018163473,0.9173156830531084,0.9777987140555032,10.87980020046234,4997.0,87.833984375,1.840913875639672,2.175232136141858,107262.70220850258,89.25,43.519200801849365,97.7765377823164,95.54655870445345,,,,
MLP,L0_size,2022,lopo,dataset_pids_gonzalo,248,98.38709677419357,1.5678462044007646,0.98406026962728,9.101758003234863,4997.0,87.833984375,1.7951185000129044,2.293562550403294,103984.97855468153,67.0,,,,,,,
MLP,L0_size,2022,lopo,dataset_pids_iria,247,97.97570850202428,1.7563187049376636,0.9797838462779768,11.523792028427124,4997.0,87.833984375,1.803213002858684,1.9088650951744053,108240.37344500342,105.0,,,,,,,
MLP,L0_size,2022,lopo,dataset_pids_marta,247,95.54655870445345,2.5725450306547013,0.9550764892879002,7.930443048477173,4997.0,87.833984375,1.8376895022811368,2.2061315983592067,111358.13380548578,72.0,,,,,,,
MLP,L0_size,2022,lopo,dataset_pids_miguel,249,99.19678714859438,1.1087165367510772,0.992,14.963207721710203,4997.0,87.833984375,1.9276344974059607,2.2923693006305257,105467.3230288396,113.0,,,,,,,
MLP,L0_size,2022,split,ALL,295,98.64406779661016,1.3197739063592384,0.9864611851283268,16.05350399017334,4997.0,87.833984375,1.98912750420277,2.4603025958640496,84604.992919516,125.0,,,,,,,HAR_mediapipe/models/pids_gestures_MLP_L0_size.keras
MLP,L0_size,2022,split,dataset_pids_gonzalo,73,98.63013698630137,2.66647815067503,0.9866518353726365,,,,,,,,,,,,,,
MLP,L0_size,2022,split,dataset_pids_iria,73,100.0,0.0,1.0,,,,,,,,,,,,,,
MLP,L0_size,2022,split,dataset_pids_marta,74,95.94594594594594,4.493640173156306,0.9583812260536396,,,,,,,,,,,,,,
MLP,L0_size,2022,split,dataset_pids_miguel,75,100.0,0.0,1.0,,,,,,,,,,,,,,
MLP,L0_size,2023,lopo,ALL,991,98.18365287588294,0.8314540676502891,0.9818455160941326,27.69866698980332,4997.0,87.833984375,2.051847251095751,3.246510736425989,80803.60979421776,227.5,110.79466795921326,98.1822123284833,97.57085020242914,,,,
MLP,L0_size,2023,lopo,dataset_pids_gonzalo,248,97.58064516129032,1.9123256853994224,0.9758495145631068,29.547049522399902,4997.0,87.833984375,2.18899650280946,5.3577571983623775,54028.61063899491,221.0,,,,,,,
MLP,L0_size,2023,lopo,dataset_pids_iria,247,98.38056680161942,1.5741415192297428,0.9838335334133652,35.127694606781006,4997.0,87.833984375,1.971009998669615,2.4401285962085235,90958.40419512724,300.0,,,,,,,
MLP,L0_size,2023,lopo,dataset_pids_marta,247,97.57085020242914,1.91997152585892,0.975941101018844,35.01467943191528,4997.0,87.833984375,2.067155499389628,2.726421450279304,92175.84428043988,300.0,,,,,,,
MLP,L0_size,2023,lopo,dataset_pids_miguel,249,99.19678714859438,1.1087165367510772,0.992,11.105244398117064,4997.0,87.833984375,1.980227003514301,2.461735700853751,86051.58006230897,89.0,,,,,,,
MLP,L0_size,2023,split,ALL,295,97.96610169491524,1.6108221541224137,0.9796752702599754,19.2978675365448,4997.0,87.833984375,2.006076498219045,2.6723290033260123,93733.8105605274,154.0,,,,,,,
MLP,L0_size,2023,split,dataset_pids_gonzalo,73,97.26027397260276,3.744690710748344,0.9731960408684548,,,,,,,,,,,,,,
MLP,L0_size,2023,split,dataset_pids_iria,73,98.63013698630137,2.66647815067503,0.9862068965517242,,,,,,,,,,,,,,
MLP,L0_size,2023,split,dataset_pids_marta,74,95.94594594594594,4.493640173156306,0.9583812260536396,,,,,,,,,,,,,,
MLP,L0_size,2023,split,dataset_pids_miguel,75,100.0,0.0,1.0,,,,,,,,,,,,,,
MLP,L0_size,2024,lopo,ALL,991,97.67911200807264,0.9374479987634776,0.9767894007444108,17.69694274663925,4997.0,87.833984375,2.0170261241219123,2.7500204381794897,92183.30346276934,138.5,70.787770986557,97.67613945398938,95.54655870445345,,,,
MLP,L0_size,2024,lopo,dataset_pids_gonzalo,248,97.58064516129032,1.9123256853994224,0.9758495145631068,31.868347644805908,4997.0,87.833984375,1.996706494537648,2.4504036027792604,97338.59734267814,262.0,,,,,,,
MLP,L0_size,2024,lopo,dataset_pids_iria,247,98.38056680161942,1.5741415192297428,0.9838342349698888,10.63800811767578,4997.0,87.833984375,1.9793829997070127,3.4999742489162595,89155.11751869989,86.0,,,,,,,
MLP,L0_size,2024,lopo,dataset_pids_marta,247,95.54655870445345,2.5725450306547013,0.9551277388806192,8.193706035614014,4997.0,87.833984375,2.043734002654673,2.4258241006464227,89763.61505667909,66.0,,,,,,,
MLP,L0_size,2024,lopo,dataset_pids_miguel,249,99.19678714859438,1.1087165367510772,0.992,20.087709188461304,4997.0,87.833984375,2.0482809995883144,2.623879800376016,92475.88393302028,140.0,,,,,,,
MLP,L0_size,2024,split,ALL,295,98.30508474576273,1.4730145900600775,0.9832371109136192,9.417284965515137,4997.0,87.833984375,2.22929699884844,3.573507944747689,85476.25961615091,66.0,,,,,,,
MLP,L0_size,2024,split,dataset_pids_gonzalo,73,98.63013698630137,2.66647815067503,0.9866518353726365,,,,,,,,,,,,,,
MLP,L0_size,2024,split,dataset_pids_iria,73,100.0,0.0,1.0,,,,,,,,,,,,,,
MLP,L0_size,2024,split,dataset_pids_marta,74,94.5945945945946,5.1521382413842645,0.945448717948718,,,,,,,,,,,,,,
MLP,L0_size,2024,split,dataset_pids_miguel,75,100.0,0.0,1.0,,,,,,,,,,,,,,
MLP,None,2022,lopo,ALL,991,97.0736629667003,1.049378409647338,0.9707751725720652,33.54671311378479,4997.0,87.833984375,2.0766910010934225,2.675704100602161,80850.90682009196,264.5,134.18685245513916,97.068848726498,91.90283400809716,,,,
MLP,None,2022,lopo,dataset_pids_gonzalo,248,98.38709677419357,1.5678462044007646,0.9837534268890806,29.48701572418213,4997.0,87.833984375,2.125044000422349,2.9371067015745207,65027.3632470344,235.0,,,,,,,
MLP,None,2022,lopo,dataset_pids_iria,247,99.19028340080972,1.117657357687602,0.9919179673069348,31.701067686080933,4997.0,87.833984375,2.066527500574012,2.6006400959886378,80963.06451357972,246.0,,,,,,,
MLP,None,2022,lopo,dataset_pids_marta,247,91.90283400809716,3.402033359605989,0.9183793079536788,38.14016389846802,4997.0,87.833984375,2.075047003017972,2.5732259524374967,88936.11921609039,291.0,,,,,,,
MLP,None,2022,lopo,dataset_pids_miguel,249,98.79518072289156,1.3551433293202688,0.9879575712673307,34.85860514640808,4997.0,87.833984375,2.0401455003593583,2.5918436524079875,88477.08030366332,286.0,,,,,,,
SVM,L0,2022,lopo,ALL,991,97.0736629667003,1.049378409647338,0.9708437752819716,0.8088641166687012,6553.5,59.380859375,0.1244663744728313,0.1628763998269277,135826.46756525754,,3.2354564666748047,97.0684438813108,95.1417004048583,"{""C"": 1, ""gamma"": 0.1} | {""C"": 10, ""gamma"": 0.1} | {""C"": 1, ""gamma"": 0.01} | {""C"": 10, ""gamma"": ""scale""}",99.36082894975512,0.008188784122467,
SVM,L0,2022,lopo,dataset_pids_gonzalo,248,97.98387096774194,1.749309638593084,0.979857999650666,2.608243703842163,8704.0,77.826171875,0.134543497551931,0.1750215513311559,97586.37631985237,,,,,"{""C"": 1, ""gamma"": 0.1}",99.32704516597134,0.0125215053558349,
SVM,L0,2022,lopo,dataset_pids_iria,247,95.1417004048583,2.681236949209445,0.9529017636748012,0.2160453796386718,7508.0,67.560546875,0.124761998449685,0.1678222954069496,117877.76281699551,,,,,"{""C"": 10, ""gamma"": 0.1}",99.327952113187,0.0098204612731933,
SVM,L0,2022,lopo,dataset_pids_marta,247,95.95141700404858,2.4580166166506183,0.9593040111825022,0.2083516120910644,5392.0,49.419921875,0.1199965008709114,0.1544145528896479,159881.66257789414,,,,,"{""C"": 1, ""gamma"": 0.01}",99.59550154181028,0.0050752162933349,
SVM,L0,2022,lopo,dataset_pids_miguel,249,99.19678714859438,1.1087165367510772,0.992,0.2028157711029052,4610.0,42.716796875,0.1185635010187979,0.1542471996799576,167960.06854628815,,,,,"{""C"": 10, ""gamma"": ""scale""}",99.19281697805188,0.0053379535675048,
SVM,L0_size,2022,lopo,ALL,991,97.78002018163473,0.9173156830531084,0.9777809060252044,0.9529776573181152,3977.5,37.287109375,0.1377001262881094,0.1947919499798444,162899.26661467808,,3.811910629272461,97.77613293712922,95.54655870445345,"{""C"": 10, ""gamma"": 0.01} | {""C"": 10, ""gamma"": ""scale""} | {""C"": 1, ""gamma"": 0.01} | {""C"": 10, ""gamma"": 0.01}",99.1578995102485,0.00709068775177,
SVM,L0_size,2022,lopo,dataset_pids_gonzalo,248,97.98387096774194,1.749309638593084,0.9798927263212978,2.993372917175293,3460.0,32.841796875,0.1430400006938725,0.2413348040136042,189665.2796803873,,,,,"{""C"": 10, ""gamma"": 0.01}",99.32613821875566,0.0121562480926513,
SVM,L0_size,2022,lopo,dataset_pids_iria,247,97.97570850202428,1.7563187049376636,0.9797838462779768,0.2629263401031494,3782.0,35.607421875,0.1359540037810802,0.1779354468453675,141436.3586124893,,,,,"{""C"": 10, ""gamma"": ""scale""}",98.92345365499727,0.005824327468872,
SVM,L0_size,2022,lopo,dataset_pids_marta,247,95.54655870445345,2.5725450306547013,0.9553608508918628,0.2434158325195312,5346.0,49.029296875,0.1348760015389416,0.1766274981491733,132729.44547306435,,,,,"{""C"": 1, ""gamma"": 0.01}",99.32613821875566,0.0051655769348144,
SVM,L0_size,2022,lopo,dataset_pids_miguel,249,99.59839357429718,0.7855663845478564,0.995999599959996,0.3121955394744873,3322.0,31.669921875,0.1369304991385433,0.1832700509112328,187765.9826927714,,,,,"{""C"": 10, ""gamma"": 0.01}",99.0558679484854,0.0052165985107421,
SVM,L0_size,2022,split,ALL,295,98.30508474576273,1.4730145900600775,0.983082567375056,5.776234149932861,3782.0,35.607421875,0.1342060022579971,0.2169175499147967,142043.80732583912,,,,,"{""C"": 10, ""gamma"": ""scale""}",99.28160328879754,0.007143497467041,HAR_mediapipe/models/pids_gestures_SVM_L0_size.joblib
SVM,L0_size,2022,split,dataset_pids_gonzalo,73,98.63013698630137,2.66647815067503,0.9866518353726365,,,,,,,,,,,,,,
SVM,L0_size,2022,split,dataset_pids_iria,73,100.0,0.0,1.0,,,,,,,,,,,,,,
SVM,L0_size,2022,split,dataset_pids_marta,74,94.5945945945946,5.1521382413842645,0.9453102453102452,,,,,,,,,,,,,,
SVM,L0_size,2022,split,dataset_pids_miguel,75,100.0,0.0,1.0,,,,,,,,,,,,,,
SVM,L0_size,2023,lopo,ALL,991,97.88092835519676,0.8966874762104227,0.9787871901586528,0.3575342893600464,3345.0,31.861328125,0.1545558725410956,0.2955244772238073,177979.17313487607,,1.4301371574401855,97.877347512028,95.95141700404858,"{""C"": 10, ""gamma"": 0.01} | {""C"": 10, ""gamma"": ""scale""} | {""C"": 10, ""gamma"": 0.01} | {""C"": 10, ""gamma"": 0.01}",99.26083801922728,0.0081682205200195,
SVM,L0_size,2023,lopo,dataset_pids_gonzalo,248,97.98387096774194,1.749309638593084,0.9798927263212978,0.3314032554626465,3460.0,32.841796875,0.1512989983893931,0.2882857494114431,173942.13034718868,,,,,"{""C"": 10, ""gamma"": 0.01}",99.46308724832214,0.0064537525177001,
SVM,L0_size,2023,lopo,dataset_pids_iria,247,97.97570850202428,1.7563187049376636,0.9797838462779768,0.4034066200256347,3782.0,35.607421875,0.1577534967509564,0.2908499558543552,135549.99223978145,,,,,"{""C"": 10, ""gamma"": ""scale""}",98.92526754942864,0.0099678039550781,
SVM,L0_size,2023,lopo,dataset_pids_marta,247,95.95141700404858,2.4580166166506183,0.9595549205885726,0.3286004066467285,2816.0,27.326171875,0.1610749968676827,0.330182598918327,214005.8377548268,,,,,"{""C"": 10, ""gamma"": 0.01}",99.46308724832214,0.0060274600982666,
SVM,L0_size,2023,lopo,dataset_pids_miguel,249,99.59839357429718,0.7855663845478564,0.995999599959996,0.3667268753051758,3322.0,31.669921875,0.1480959981563501,0.2727796047111042,188418.73219770737,,,,,"{""C"": 10, ""gamma"": 0.01}",99.1919100308362,0.0102238655090332,
SVM,L0_size,2023,split,ALL,295,98.30508474576273,1.4730145900600775,0.9831136044880786,0.4196159839630127,3552.0,33.638671875,0.1750570008880458,0.5851154979609409,128732.97984883198,,,,,"{""C"": 10, ""gamma"": 0.01}",99.42548818088387,0.0100314617156982,
SVM,L0_size,2023,split,dataset_pids_gonzalo,73,98.63013698630137,2.66647815067503,0.9866518353726365,,,,,,,,,,,,,,
SVM,L0_size,2023,split,dataset_pids_iria,73,100.0,0.0,1.0,,,,,,,,,,,,,,
SVM,L0_size,2023,split,dataset_pids_marta,74,94.5945945945946,5.1521382413842645,0.9453102453102452,,,,,,,,,,,,,,
SVM,L0_size,2023,split,dataset_pids_miguel,75,100.0,0.0,1.0,,,,,,,,,,,,,,
SVM,L0_size,2024,lopo,ALL,991,97.27547931382442,1.013598568816238,0.9727670807372744,0.3223026394844055,3701.5,34.919921875,0.1581966253070277,0.3453205015830462,158019.6958337902,,1.289210557937622,97.27006006263528,93.1174089068826,"{""C"": 10, ""gamma"": 0.01} | {""C"": 10, ""gamma"": 0.01} | {""C"": 1, ""gamma"": 0.1} | {""C"": 10, ""gamma"": 0.01}",99.2937148557954,0.0087552666664123,
SVM,L0_size,2024,lopo,dataset_pids_gonzalo,248,97.98387096774194,1.749309638593084,0.9798927263212978,0.3643982410430908,3460.0,32.841796875,0.1677490035945084,0.4321329004596916,152908.72413516734,,,,,"{""C"": 10, ""gamma"": 0.01}",99.32704516597134,0.0124180316925048,
SVM,L0_size,2024,lopo,dataset_pids_iria,247,98.38056680161942,1.5741415192297428,0.9838335334133652,0.330418586730957,3000.0,28.904296875,0.1745294975989963,0.4400677029479993,152673.75885634852,,,,,"{""C"": 10, ""gamma"": 0.01}",99.19463087248322,0.0068700313568115,
SVM,L0_size,2024,lopo,dataset_pids_marta,247,93.1174089068826,3.1571776531843176,0.9317151489867384,0.351151704788208,5024.0,46.263671875,0.1613724998605903,0.3182859014486893,113934.1866374893,,,,,"{""C"": 1, ""gamma"": 0.1}",99.46218030110646,0.0106701850891113,
SVM,L0_size,2024,lopo,dataset_pids_miguel,249,99.59839357429718,0.7855663845478564,0.995999599959996,0.2432420253753662,3322.0,31.669921875,0.1291355001740157,0.1907955014758044,212562.1137061556,,,,,"{""C"": 10, ""gamma"": 0.01}",99.19100308362052,0.0050628185272216,
SVM,L0_size,2024,split,ALL,295,98.30508474576273,1.4730145900600775,0.9831240632224194,0.3710100650787353,5852.0,53.357421875,0.1577129987708758,0.2783209994959179,102027.07471548414,,,,,"{""C"": 1, ""gamma"": 0.01}",99.136690647482,0.005897045135498,
SVM,L0_size,2024,split,dataset_pids_gonzalo,73,98.63013698630137,2.66647815067503,0.9866518353726365,,,,,,,,,,,,,,
SVM,L0_size,2024,split,dataset_pids_iria,73,100.0,0.0,1.0,,,,,,,,,,,,,,
SVM,L0_size,2024,split,dataset_pids_marta,74,94.5945945945946,5.1521382413842645,0.9450747744407366,,,,,,,,,,,,,,
SVM,L0_size,2024,split,dataset_pids_miguel,75,100.0,0.0,1.0,,,,,,,,,,,,,,
SVM,None,2022,lopo,ALL,991,89.70736629667003,1.8918929375966187,0.8981012781250792,1.1063071489334106,5806.0,52.970703125,0.1346798762824619,0.1887843724944105,130512.14941757292,,4.425228595733643,89.68508879451461,73.68421052631578,"{""C"": 100, ""gamma"": 0.01} | {""C"": 100, ""gamma"": 0.01} | {""C"": 10, ""gamma"": 0.01} | {""C"": 10, ""gamma"": 0.01}",99.29303464538364,0.0106297731399536,
SVM,None,2022,lopo,dataset_pids_gonzalo,248,91.93548387096774,3.3889173047061827,0.919664257125286,3.3574373722076416,4886.0,45.076171875,0.1369495039398316,0.2049547474598511,150606.55170777492,,,,,"{""C"": 100, ""gamma"": 0.01}",99.46218030110649,0.0112190246582031,
SVM,None,2022,lopo,dataset_pids_iria,247,93.52226720647774,3.0695635048791736,0.9363035380013308,0.3674383163452148,5162.0,47.451171875,0.1354605010419618,0.1877189475635532,139863.87637311794,,,,,"{""C"": 100, ""gamma"": 0.01}",99.19281697805188,0.0116398334503173,
SVM,None,2022,lopo,dataset_pids_marta,247,73.68421052631578,5.491652064642647,0.740224933509148,0.3386249542236328,5208.0,47.841796875,0.1298384995607193,0.1883880464447429,137256.85263416395,,,,,"{""C"": 10, ""gamma"": 0.01}",99.32704516597134,0.0083932876586914,
SVM,None,2022,lopo,dataset_pids_miguel,249,99.59839357429718,0.7855663845478564,0.995999599959996,0.3617279529571533,7968.0,71.513671875,0.1364710005873348,0.1740757485094946,94321.31695523484,,,,,"{""C"": 10, ""gamma"": 0.01}",99.19009613640485,0.0112669467926025,
VIT,L0,2022,lopo,ALL,991,94.853683148335,1.375607720100361,0.9484387791859056,50.37606531381607,18149.0,352.0087890625,26.286420500582608,39.483702276083925,3083.886801649691,81.5,201.50426125526428,94.84009729659137,87.04453441295547,,,,
VIT,L0,2022,lopo,dataset_pids_gonzalo,248,97.98387096774194,1.749309638593084,0.9797042939588076,39.21971821784973,18149.0,352.0087890625,23.774740500812182,27.588884450960897,3803.083505487398,73.0,,,,,,,
VIT,L0,2022,lopo,dataset_pids_iria,247,94.33198380566802,2.8837168813976564,0.9433251252102504,49.45624613761902,18149.0,352.0087890625,23.706697502348103,27.29601945393369,3776.845630637552,93.0,,,,,,,
VIT,L0,2022,lopo,dataset_pids_marta,247,87.04453441295547,4.187982522440154,0.8658382903723287,35.22062158584595,18149.0,352.0087890625,24.136791500495747,58.3260000003065,1983.6820170865003,64.0,,,,,,,
VIT,L0,2022,lopo,dataset_pids_miguel,249,100.0,0.0,1.0,77.60767531394958,18149.0,352.0087890625,33.52745249867439,44.723905199134606,2771.936053387313,96.0,,,,,,,
VIT,L0_size,2022,lopo,ALL,991,97.37638748738648,0.9951668946384488,0.9737690056717698,37.887165665626526,18149.0,352.0087890625,25.16492412541993,46.61916326203931,4182.877094535639,75.75,151.5486626625061,97.37167948272128,95.54655870445345,,,,
VIT,L0_size,2022,lopo,dataset_pids_gonzalo,248,98.38709677419357,1.5678462044007646,0.9837934308894808,40.43822908401489,18149.0,352.0087890625,26.558499001112068,69.88720745102889,4212.586568549439,71.0,,,,,,,
VIT,L0_size,2022,lopo,dataset_pids_iria,247,95.54655870445345,2.5725450306547013,0.9556851688043638,44.30816197395325,18149.0,352.0087890625,22.08076950046234,48.86843619897263,4624.9669075503125,100.0,,,,,,,
VIT,L0_size,2022,lopo,dataset_pids_marta,247,96.35627530364371,2.3367937086441755,0.9634851761859572,28.097689628601078,18149.0,352.0087890625,27.631010500044795,39.88819870028235,3874.2931000404938,58.0,,,,,,,
VIT,L0_size,2022,lopo,dataset_pids_miguel,249,99.19678714859438,1.1087165367510772,0.9919967987194876,38.70458197593689,18149.0,352.0087890625,24.38941750006052,27.83281069787336,4019.661802002312,74.0,,,,,,,
VIT,L0_size,2022,split,ALL,295,98.64406779661016,1.3197739063592384,0.9865444601502332,43.57146692276001,18149.0,352.0087890625,28.03554399724817,45.690105397443375,2335.8171527865243,72.0,,,,,,,HAR_mediapipe/models/pids_gestures_VIT_L0_size.keras
VIT,L0_size,2022,split,dataset_pids_gonzalo,73,98.63013698630137,2.66647815067503,0.9866518353726365,,,,,,,,,,,,,,
VIT,L0_size,2022,split,dataset_pids_iria,73,100.0,0.0,1.0,,,,,,,,,,,,,,
VIT,L0_size,2022,split,dataset_pids_marta,74,95.94594594594594,4.493640173156306,0.9588089330024816,,,,,,,,,,,,,,
VIT,L0_size,2022,split,dataset_pids_miguel,75,100.0,0.0,1.0,,,,,,,,,,,,,,
VIT,L0_size,2023,lopo,ALL,991,96.8718466195762,1.0838322089111214,0.9688177278826344,63.91125971078873,18149.0,352.0087890625,27.79321087291464,34.388960300475446,3425.1703703547123,107.75,255.6450388431549,96.86601473151322,94.73684210526316,,,,
VIT,L0_size,2023,lopo,dataset_pids_gonzalo,248,97.98387096774194,1.749309638593084,0.9799009549771264,47.287659645080566,18149.0,352.0087890625,27.641441996820504,35.317473300892736,3656.3737702595,77.0,,,,,,,
VIT,L0_size,2023,lopo,dataset_pids_iria,247,94.73684210526316,2.784775864752827,0.947268219047764,67.81907415390015,18149.0,352.0087890625,28.19976799946744,34.43057095573749,3512.7991378484085,116.0,,,,,,,
VIT,L0_size,2023,lopo,dataset_pids_marta,247,95.54655870445345,2.5725450306547013,0.9555559678112948,85.16888856887817,18149.0,352.0087890625,27.394593496865127,32.85924654664996,3273.61827559186,151.0,,,,,,,
VIT,L0_size,2023,lopo,dataset_pids_miguel,249,99.19678714859438,1.1087165367510772,0.992,55.36941647529602,18149.0,352.0087890625,27.937039998505497,34.94855039862159,3257.8902977190805,87.0,,,,,,,
VIT,L0_size,2023,split,ALL,295,97.28813559322032,1.853569989169748,0.9733159223960248,73.5562572479248,18149.0,352.0087890625,27.466179497423585,36.1166522543499,3408.9739873947688,126.0,,,,,,,
VIT,L0_size,2023,split,dataset_pids_gonzalo,73,98.63013698630137,2.66647815067503,0.9866518353726365,,,,,,,,,,,,,,
VIT,L0_size,2023,split,dataset_pids_iria,73,94.52054794520548,5.220670961741542,0.9458812260536398,,,,,,,,,,,,,,
VIT,L0_size,2023,split,dataset_pids_marta,74,95.94594594594594,4.493640173156306,0.9588089330024816,,,,,,,,,,,,,,
VIT,L0_size,2023,split,dataset_pids_miguel,75,100.0,0.0,1.0,,,,,,,,,,,,,,
VIT,L0_size,2024,lopo,ALL,991,97.47729566094854,0.9763469123678404,0.9748584305638458,60.411622285842896,18149.0,352.0087890625,28.845214626926463,41.82941747503719,3235.978377584129,101.0,241.6464891433716,97.47289405762008,95.95141700404858,,,,
VIT,L0_size,2024,lopo,dataset_pids_gonzalo,248,98.38709677419357,1.5678462044007646,0.9839471365813393,85.7259418964386,18149.0,352.0087890625,27.972872001555515,34.161674199640395,3269.3786005534075,141.0,,,,,,,
VIT,L0_size,2024,lopo,dataset_pids_iria,247,96.35627530364371,2.3367937086441755,0.9636107470811568,41.93967604637146,18149.0,352.0087890625,27.98426150184241,34.154910395955085,3476.557842746612,70.0,,,,,,,
VIT,L0_size,2024,lopo,dataset_pids_marta,247,95.95141700404858,2.4580166166506183,0.9596740818979436,66.19817042350769,18149.0,352.0087890625,27.879738499905216,34.013276556288474,3308.931324149952,115.0,,,,,,,
VIT,L0_size,2024,lopo,dataset_pids_miguel,249,99.19678714859438,1.1087165367510772,0.9919967987194876,47.78270077705383,18149.0,352.0087890625,31.54398650440271,64.9878087482648,2889.0457428865448,78.0,,,,,,,
VIT,L0_size,2024,split,ALL,295,98.30508474576273,1.4730145900600775,0.983206886634336,36.473814249038696,18149.0,352.0087890625,27.93180700246012,33.71974819456227,3429.911671922582,60.0,,,,,,,
VIT,L0_size,2024,split,dataset_pids_gonzalo,73,98.63013698630137,2.66647815067503,0.9866518353726365,,,,,,,,,,,,,,
VIT,L0_size,2024,split,dataset_pids_iria,73,100.0,0.0,1.0,,,,,,,,,,,,,,
VIT,L0_size,2024,split,dataset_pids_marta,74,94.5945945945946,5.1521382413842645,0.946267219988021,,,,,,,,,,,,,,
VIT,L0_size,2024,split,dataset_pids_miguel,75,100.0,0.0,1.0,,,,,,,,,,,,,,
VIT,None,2022,lopo,ALL,991,88.90010090817356,1.95582451943898,0.888668585774537,65.05521261692047,18149.0,352.0087890625,28.979370499655488,45.18249315096908,3527.118375407422,108.25,260.2208504676819,88.87700141036916,68.82591093117408,,,,
VIT,None,2022,lopo,dataset_pids_gonzalo,248,91.12903225806453,3.538702966270978,0.91052557928989,67.61293721199036,18149.0,352.0087890625,30.773551497986773,38.35434179891308,2845.401193205252,112.0,,,,,,,
VIT,None,2022,lopo,dataset_pids_iria,247,96.35627530364371,2.3367937086441755,0.9635769034236076,111.93295049667358,18149.0,352.0087890625,31.11396050371696,59.13619759739956,3192.257803190207,188.0,,,,,,,
VIT,None,2022,lopo,dataset_pids_marta,247,68.82591093117408,5.776708655567202,0.6290893616393307,43.28628492355347,18149.0,352.0087890625,30.27305800060276,51.94411475422383,4022.5125382260526,66.0,,,,,,,
VIT,None,2022,lopo,dataset_pids_miguel,249,99.19678714859438,1.1087165367510772,0.991959595959596,37.38867783546448,18149.0,352.0087890625,23.756911996315463,31.29531845333985,4048.301967008176,67.0,,,,,,,
