model,norm,protocol,person,num_seeds,seeds,num_samples_mean,num_samples_std,accuracy_mean,accuracy_std,ci_mean,ci_std,f1_macro_mean,f1_macro_std,train_time_s_mean,train_time_s_std,params_mean,params_std,disk_kb_mean,disk_kb_std,latency_median_ms_mean,latency_median_ms_std,latency_p95_ms_mean,latency_p95_ms_std,throughput_sps_mean,throughput_sps_std,epochs_mean,epochs_std,train_time_total_s_mean,train_time_total_s_std,lopo_person_mean_mean,lopo_person_mean_std,lopo_person_min_mean,lopo_person_min_std,cv_accuracy_mean,cv_accuracy_std,refit_time_s_mean,refit_time_s_std
CNN1,L0,lopo,ALL,1,2022,991.0,,96.3673057517659,,1.1649265026855191,,0.963698965770346,,16.628569662570953,,21797.0,,287.009765625,,3.0684952489536954,,4.292501823420025,,52883.30091886588,,108.0,,66.51427865028381,,96.35831264197444,,89.06882591093117,,,,,
CNN1,L0,lopo,dataset_pids_gonzalo,1,2022,248.0,,98.79032258064515,,1.3605741633501731,,0.9880312689583892,,13.975927352905272,,21797.0,,287.009765625,,3.0832379998173565,,4.204964048767579,,54149.22279934412,,88.0,,,,,,,,,,,
CNN1,L0,lopo,dataset_pids_iria,1,2022,247.0,,97.97570850202428,,1.7563187049376636,,0.9797611744980166,,21.12958669662476,,21797.0,,287.009765625,,3.082924496993656,,4.580981296749087,,48552.722524265424,,138.0,,,,,,,,,,,
CNN1,L0,lopo,dataset_pids_marta,1,2022,247.0,,89.06882591093117,,3.891381984462019,,0.8877857925590205,,14.01209306716919,,21797.0,,287.009765625,,3.0567260000680108,,4.1648480990261305,,55324.09361911006,,92.0,,,,,,,,,,,
CNN1,L0,lopo,dataset_pids_miguel,1,2022,249.0,,99.59839357429718,,0.7855663845478564,,0.995999599959996,,17.396671533584595,,21797.0,,287.009765625,,3.051092498935759,,4.219213849137304,,53507.164732743935,,114.0,,,,,,,,,,,
CNN1,L0_size,lopo,ALL,3,2022 2023 2024,991.0,0.0,98.15001681802892,0.1541397811959604,0.838475208695967,0.034089219689560406,0.98150133673367,0.0015304972071904421,24.112716416517895,14.43059976445483,21797.0,0.0,287.009765625,0.0,3.918958415548938,0.19473908385450805,5.333518094994361,0.28318981010903393,45085.33551052713,2634.997485216186,129.75,83.6895304085284,96.45086566607158,57.72239905781932,98.1483380957551,0.15442977440534114,97.43589743589742,0.23374504825491477,,,,
CNN1,L0_size,lopo,dataset_pids_gonzalo,3,2022 2023 2024,248.0,0.0,97.71505376344085,0.23280252789904526,1.857987003130643,0.09411735850586818,0.9773210392031279,0.002390828639679653,32.904396533966064,20.581251104844227,21797.0,0.0,287.009765625,0.0,3.9196446644685548,0.08084702539637181,5.232890863044304,0.13226848070272457,43807.42677631351,1486.4294290233372,182.0,120.57777573002414,,,,,,,,,,
CNN1,L0_size,lopo,dataset_pids_iria,3,2022 2023 2024,247.0,0.0,98.24561403508771,0.23374504825491477,1.6348672477990498,0.10518004720867652,0.982482203200871,0.0023299186586531054,22.22560731569926,15.720842992754891,21797.0,0.0,287.009765625,0.0,3.8426523315138184,0.24427505212143755,5.1249635683537536,0.21999469645216008,45292.13116177285,4371.678030935585,123.66666666666667,92.12129685004078,,,,,,,,,,
CNN1,L0_size,lopo,dataset_pids_marta,3,2022 2023 2024,247.0,0.0,97.43589743589742,0.23374504825491477,1.9698141148431887,0.08632989650152634,0.9743667573280917,0.0024106384838297372,26.23536729812622,24.831029768963077,21797.0,0.0,287.009765625,0.0,3.867738834136011,0.3063518481863792,5.380765332301962,0.5456353369734763,46575.5691468746,4530.735201611064,143.33333333333334,135.73626388453948,,,,,,,,,,
CNN1,L0_size,lopo,dataset_pids_miguel,3,2022 2023 2024,249.0,0.0,99.1967871485944,0.0,1.1087165367510772,0.0,0.9919989329064959,1.8482601655211508e-06,15.08549451828003,3.884981226358993,21797.0,0.0,287.009765625,0.0,4.045797832077369,0.27711643091104726,5.595452616277423,0.46246106714934293,44666.214957147524,4055.013521095131,70.0,6.0,,,,,,,,,,
CNN1,L0_size,split,ALL,3,2022 2023 2024,295.0,0.0,98.64406779661017,0.33898305084745317,1.3125694624053739,0.1641659554556836,0.9864799765934534,0.003307172967643891,18.011288086573284,7.05503232491073,21797.0,0.0,287.009765625,0.0,4.1305823348617805,0.54648521603096,5.892812482852604,0.927141256929539,44410.902411216266,838.1416042713801,89.0,37.027017163147235,,,,,,,,,,
CNN1,L0_size,split,dataset_pids_gonzalo,3,2022 2023 2024,73.0,0.0,98.63013698630137,0.0,2.66647815067503,0.0,0.9866518353726365,0.0,,,,,,,,,,,,,,,,,,,,,,,,
CNN1,L0_size,split,dataset_pids_iria,3,2022 2023 2024,73.0,0.0,99.54337899543378,0.7908907797118172,0.8888260502250099,1.539491878080484,0.9954022988505747,0.00796345198882236,,,,,,,,,,,,,,,,,,,,,,,,
CNN1,L0_size,split,dataset_pids_marta,3,2022 2023 2024,74.0,0.0,96.39639639639641,1.5604061329449361,4.180572623934057,0.8414005061553932,0.962799478052537,0.015437215901719313,,,,,,,,,,,,,,,,,,,,,,,,
CNN1,L0_size,split,dataset_pids_miguel,3,2022 2023 2024,75.0,0.0,100.0,0.0,0.0,0.0,1.0,0.0,,,,,,,,,,,,,,,,,,,,,,,,
CNN1,None,lopo,ALL,1,2022,991.0,,97.17457114026236,,1.03166274763423,,0.971823034191021,,35.83915191888809,,21797.0,,287.009765625,,4.156645250077418,,5.622598587797255,,41435.76930910611,,181.0,,143.35660767555237,,97.1684406425493,,91.49797570850204,,,,,
CNN1,None,lopo,dataset_pids_gonzalo,1,2022,248.0,,97.58064516129032,,1.9123256853994224,,0.9756579566218956,,63.46870946884155,,21797.0,,287.009765625,,4.945622502418701,,6.908957150517378,,34931.83216541589,,300.0,,,,,,,,,,,
CNN1,None,lopo,dataset_pids_iria,1,2022,247.0,,99.59514170040484,,0.7919143176976741,,0.995959595959596,,32.39076328277588,,21797.0,,287.009765625,,4.062156000145478,,5.681525353429606,,44669.41349422551,,158.0,,,,,,,,,,,
CNN1,None,lopo,dataset_pids_marta,1,2022,247.0,,91.49797570850204,,3.478359841553022,,0.913477565250615,,22.498942375183105,,21797.0,,287.009765625,,3.829222998319892,,4.978400945401518,,42503.09421761105,,126.0,,,,,,,,,,,
CNN1,None,lopo,dataset_pids_miguel,1,2022,249.0,,100.0,,0.0,,1.0,,24.99819254875183,,21797.0,,287.009765625,,3.7895794994256,,4.92151090184052,,43638.73735917199,,140.0,,,,,,,,,,,
MLP,L0,lopo,ALL,1,2022,991.0,,98.0827447023209,,0.8537987655830411,,0.9808127584864924,,14.340502560138702,,4997.0,,87.833984375,,1.84864612583624,,2.1359797122386226,,98762.0574243198,,130.75,,57.36201024055481,,98.079365260441,,95.95141700404858,,,,,
MLP,L0,lopo,dataset_pids_gonzalo,1,2022,248.0,,99.19354838709675,,1.113168995095133,,0.991996373682244,,13.078120946884155,,4997.0,,87.833984375,,1.842623001721222,,1.9848866482789165,,101604.94334608314,,125.0,,,,,,,,,,,
MLP,L0,lopo,dataset_pids_iria,1,2022,247.0,,97.97570850202428,,1.7563187049376636,,0.9797838462779768,,15.64111828804016,,4997.0,,87.833984375,,1.812729999073781,,1.99039735198312,,103805.0133149019,,149.0,,,,,,,,,,,
MLP,L0,lopo,dataset_pids_marta,1,2022,247.0,,95.95141700404858,,2.4580166166506183,,0.9590323109167704,,10.350831270217896,,4997.0,,87.833984375,,1.8878125010814983,,2.5184794940287243,,93862.34321702612,,97.0,,,,,,,,,,,
MLP,L0,lopo,dataset_pids_miguel,1,2022,249.0,,99.19678714859438,,1.1087165367510772,,0.992,,18.2919397354126,,4997.0,,87.833984375,,1.8514190014684573,,2.0501553546637297,,95775.92981926804,,152.0,,,,,,,,,,,
MLP,L0_size,lopo,ALL,3,2022 2023 2024,991.0,0.0,97.88092835519677,0.2669779324989526,0.8954059164889584,0.05629126718575892,0.9788112102980154,0.002675805876413574,18.758469978968304,8.459533088068833,4997.0,0.0,87.833984375,0.0,1.9699290836191115,0.11307882488961239,2.723921103582446,0.5361159774773439,93416.53848849656,13272.586195554599,151.75,70.07094619027204,75.03387991587321,33.83813235227531,97.87829652159637,0.2679432203649163,96.22132253711202,1.16872524127454,,,,
MLP,L0_size,lopo,dataset_pids_gonzalo,3,2022 2023 2024,248.0,0.0,97.8494623655914,0.4656050557981018,1.797499191733203,0.19888532108487772,0.9785864329178312,0.004740481646550509,23.505718390146892,12.528074966413218,4997.0,0.0,87.833984375,0.0,1.9936071657866707,0.19695729143847607,3.367241117181644,1.7256203177428482,85117.3955121182,27127.99300481556,183.33333333333334,102.81212639243161,,,,,,,,,,
MLP,L0_size,lopo,dataset_pids_iria,3,2022 2023 2024,247.0,0.0,98.24561403508771,0.23374504825490758,1.6348672477990498,0.10518004720867656,0.9824838715537436,0.002338290505985075,19.096498250961304,13.890485799037831,4997.0,0.0,87.833984375,0.0,1.9178686670784373,0.09938293510380782,2.616322646766396,0.8100557649750246,96117.96505294352,10536.961119186995,163.66666666666666,118.44970803397251,,,,,,,,,,
MLP,L0_size,lopo,dataset_pids_marta,3,2022 2023 2024,247.0,0.0,96.22132253711202,1.16872524127454,2.3550205290561075,0.3767634886598618,0.9620484430624545,0.012031422004489475,17.046276172002155,15.561650414825593,4997.0,0.0,87.833984375,0.0,1.9828596681084794,0.1262652937749719,2.452792383094978,0.2611912109861814,97765.86438086825,11832.88018787209,146.0,133.40164916521834,,,,,,,,,,
MLP,L0_size,lopo,dataset_pids_miguel,3,2022 2023 2024,249.0,0.0,99.1967871485944,0.0,1.1087165367510772,0.0,0.992,0.0,15.385387102762857,4.506089768278368,4997.0,0.0,87.833984375,0.0,1.9853808335028589,0.060488148383566774,2.4593282672867645,0.16576836146460755,94664.9290080563,9891.243980966223,114.0,25.514701644346147,,,,,,,,,,
MLP,L0_size,split,ALL,3,2022 2023 2024,295.0,0.0,98.30508474576271,0.3389830508474603,1.467870216847243,0.1455923042723013,0.9831245221006405,0.0033943581618230086,14.922885497411093,5.036387754915796,4997.0,0.0,87.833984375,0.0,2.074833667090085,0.13403733712275734,2.9020465146459173,0.5910872511322203,87938.3543653981,5037.88257072485,115.0,44.844174649557324,,,,,,,,,,
MLP,L0_size,split,dataset_pids_gonzalo,3,2022 2023 2024,73.0,0.0,98.17351598173518,0.7908907797117998,3.0258823373661343,0.6225063118019635,0.9821665705379092,0.007768706579149553,,,,,,,,,,,,,,,,,,,,,,,,
MLP,L0_size,split,dataset_pids_iria,3,2022 2023 2024,73.0,0.0,99.54337899543378,0.7908907797118172,0.8888260502250099,1.539491878080484,0.9954022988505747,0.00796345198882236,,,,,,,,,,,,,,,,,,,,,,,,
MLP,L0_size,split,dataset_pids_marta,3,2022 2023 2024,74.0,0.0,95.49549549549549,0.7802030664724608,4.713139529232293,0.3801840369522601,0.9540703900186657,0.00746658703567354,,,,,,,,,,,,,,,,,,,,,,,,
MLP,L0_size,split,dataset_pids_miguel,3,2022 2023 2024,75.0,0.0,100.0,0.0,0.0,0.0,1.0,0.0,,,,,,,,,,,,,,,,,,,,,,,,
MLP,None,lopo,ALL,1,2022,991.0,,97.0736629667003,,1.049378409647338,,0.9707751725720652,,33.54671311378479,,4997.0,,87.833984375,,2.0766910010934225,,2.675704100602161,,80850.90682009196,,264.5,,134.18685245513916,,97.068848726498,,91.90283400809716,,,,,
MLP,None,lopo,dataset_pids_gonzalo,1,2022,248.0,,98.38709677419357,,1.5678462044007646,,0.9837534268890806,,29.48701572418213,,4997.0,,87.833984375,,2.125044000422349,,2.9371067015745207,,65027.3632470344,,235.0,,,,,,,,,,,
MLP,None,lopo,dataset_pids_iria,1,2022,247.0,,99.19028340080972,,1.117657357687602,,0.9919179673069348,,31.701067686080933,,4997.0,,87.833984375,,2.066527500574012,,2.6006400959886378,,80963.06451357972,,246.0,,,,,,,,,,,
MLP,None,lopo,dataset_pids_marta,1,2022,247.0,,91.90283400809716,,3.402033359605989,,0.9183793079536788,,38.14016389846802,,4997.0,,87.833984375,,2.075047003017972,,2.5732259524374967,,88936.11921609039,,291.0,,,,,,,,,,,
MLP,None,lopo,dataset_pids_miguel,1,2022,249.0,,98.79518072289156,,1.3551433293202688,,0.9879575712673307,,34.85860514640808,,4997.0,,87.833984375,,2.0401455003593583,,2.5918436524079875,,88477.08030366332,,286.0,,,,,,,,,,,
SVM,L0,lopo,ALL,1,2022,991.0,,97.0736629667003,,1.049378409647338,,0.9708437752819716,,0.8088641166687012,,6553.5,,59.380859375,,0.1244663744728313,,0.1628763998269277,,135826.46756525754,,,,3.2354564666748047,,97.0684438813108,,95.1417004048583,,99.36082894975512,,0.008188784122467,
SVM,L0,lopo,dataset_pids_gonzalo,1,2022,248.0,,97.98387096774194,,1.749309638593084,,0.979857999650666,,2.608243703842163,,8704.0,,77.826171875,,0.134543497551931,,0.1750215513311559,,97586.37631985237,,,,,,,,,,99.32704516597134,,0.0125215053558349,
SVM,L0,lopo,dataset_pids_iria,1,2022,247.0,,95.1417004048583,,2.681236949209445,,0.9529017636748012,,0.2160453796386718,,7508.0,,67.560546875,,0.124761998449685,,0.1678222954069496,,117877.76281699551,,,,,,,,,,99.327952113187,,0.0098204612731933,
SVM,L0,lopo,dataset_pids_marta,1,2022,247.0,,95.95141700404858,,2.4580166166506183,,0.9593040111825022,,0.2083516120910644,,5392.0,,49.419921875,,0.1199965008709114,,0.1544145528896479,,159881.66257789414,,,,,,,,,,99.59550154181028,,0.0050752162933349,
SVM,L0,lopo,dataset_pids_miguel,1,2022,249.0,,99.19678714859438,,1.1087165367510772,,0.992,,0.2028157711029052,,4610.0,,42.716796875,,0.1185635010187979,,0.1542471996799576,,167960.06854628815,,,,,,,,,,99.19281697805188,,0.0053379535675048,
SVM,L0_size,lopo,ALL,3,2022 2023 2024,991.0,0.0,97.64547595021862,0.32437439492071846,0.9425339093599231,0.06240208407671715,0.9764450589737105,0.0032247162464441584,0.5442715287208557,0.35438798223551493,3674.6666666666665,317.10263848371454,34.689453125,2.7202228634356067,0.15015087471207755,0.010935246792522325,0.27854564292889933,0.07668716856456434,166299.37852778146,10405.083099108871,,,2.177086114883423,1.4175519289420597,97.64118017059751,0.32535933741541634,94.87179487179488,1.5327687842915654,99.23748412842372,0.07085552330802537,0.0080047249794006,0.0008442474960695084
SVM,L0_size,lopo,dataset_pids_gonzalo,3,2022 2023 2024,248.0,0.0,97.98387096774194,0.0,1.7493096385930837,0.0,0.9798927263212978,0.0,1.2297248045603435,1.5274531633133859,3460.0,0.0,32.841796875,0.0,0.15402933422592466,0.012578742243209174,0.3205844846282463,0.0994152132438315,172172.04472091445,18442.098476867184,,,,,,,,,99.37209021101637,0.07880705068159938,0.010342677434285399,0.0033704503287270903
SVM,L0_size,lopo,dataset_pids_iria,3,2022 2023 2024,247.0,0.0,98.11066126855599,0.23374504825491477,1.6955929763683566,0.10518004720867652,0.9811337419897729,0.0023380879577503,0.3322505156199137,0.07025805458711193,3521.3333333333335,451.48791050628745,33.373046875,3.87005102316171,0.15607899937701097,0.01934218542242664,0.3029510352159073,0.13148443639324722,143220.03656953978,8700.113566817105,,,,,,,,,99.01445069230304,0.15604324897467287,0.007554054260253867,0.002154765613068161
SVM,L0_size,lopo,dataset_pids_marta,3,2022 2023 2024,247.0,0.0,94.87179487179488,1.5327687842915654,2.7292464334965456,0.37499738131241767,0.948876973489058,0.015009787484888916,0.3077226479848226,0.056821344127288564,4395.333333333333,1377.1860198728905,40.873046875,11.813151023726693,0.15244116608907154,0.015212605998399912,0.27503199950539653,0.08542814096096335,153556.4899551268,53187.48138172069,,,,,,,,,99.41713525606143,0.07880705068159431,0.007287740707397433,0.002960812074989119
SVM,L0_size,lopo,dataset_pids_miguel,3,2022 2023 2024,249.0,0.0,99.59839357429718,0.0,0.7855663845478564,0.0,0.9959995999599961,0.0,0.3073881467183431,0.061882633342326084,3322.0,0.0,31.669921875,0.0,0.13805399915630304,0.009530047751819313,0.21561505236604714,0.049648742533502585,196248.94286554478,14131.389798433294,,,,,,,,,99.14626035431404,0.07828343318946786,0.006834427515665633,0.0029363462847551815
SVM,L0_size,split,ALL,3,2022 2023 2024,295.0,0.0,98.30508474576273,0.0,1.4730145900600775,0.0,0.9831067450285179,2.1581600408751314e-05,2.188953399658203,3.106771317590978,4395.333333333333,1266.7412258758036,40.867838541666664,10.86099733085472,0.15565866730563957,0.020502834696569522,0.36011801579055186,0.19725743621566266,124267.95396338508,20378.593286104042,,,,,,,,,99.28126070572114,0.1443990714898303,0.007690668106079067,0.002120824579220916
SVM,L0_size,split,dataset_pids_gonzalo,3,2022 2023 2024,73.0,0.0,98.63013698630137,0.0,2.66647815067503,0.0,0.9866518353726365,0.0,,,,,,,,,,,,,,,,,,,,,,,,
SVM,L0_size,split,dataset_pids_iria,3,2022 2023 2024,73.0,0.0,100.0,0.0,0.0,0.0,1.0,0.0,,,,,,,,,,,,,,,,,,,,,,,,
SVM,L0_size,split,dataset_pids_marta,3,2022 2023 2024,74.0,0.0,94.5945945945946,0.0,5.1521382413842645,0.0,0.945231755020409,0.00013594916989710063,,,,,,,,,,,,,,,,,,,,,,,,
SVM,L0_size,split,dataset_pids_miguel,3,2022 2023 2024,75.0,0.0,100.0,0.0,0.0,0.0,1.0,0.0,,,,,,,,,,,,,,,,,,,,,,,,
SVM,None,lopo,ALL,1,2022,991.0,,89.70736629667003,,1.8918929375966187,,0.8981012781250792,,1.1063071489334106,,5806.0,,52.970703125,,0.1346798762824619,,0.1887843724944105,,130512.14941757292,,,,4.425228595733643,,89.68508879451461,,73.68421052631578,,99.29303464538364,,0.0106297731399536,
SVM,None,lopo,dataset_pids_gonzalo,1,2022,248.0,,91.93548387096774,,3.3889173047061827,,0.919664257125286,,3.3574373722076416,,4886.0,,45.076171875,,0.1369495039398316,,0.2049547474598511,,150606.55170777492,,,,,,,,,,99.46218030110649,,0.0112190246582031,
SVM,None,lopo,dataset_pids_iria,1,2022,247.0,,93.52226720647774,,3.0695635048791736,,0.9363035380013308,,0.3674383163452148,,5162.0,,47.451171875,,0.1354605010419618,,0.1877189475635532,,139863.87637311794,,,,,,,,,,99.19281697805188,,0.0116398334503173,
SVM,None,lopo,dataset_pids_marta,1,2022,247.0,,73.68421052631578,,5.491652064642647,,0.740224933509148,,0.3386249542236328,,5208.0,,47.841796875,,0.1298384995607193,,0.1883880464447429,,137256.85263416395,,,,,,,,,,99.32704516597134,,0.0083932876586914,
SVM,None,lopo,dataset_pids_miguel,1,2022,249.0,,99.59839357429718,,0.7855663845478564,,0.995999599959996,,0.3617279529571533,,7968.0,,71.513671875,,0.1364710005873348,,0.1740757485094946,,94321.31695523484,,,,,,,,,,99.19009613640485,,0.0112669467926025,
VIT,L0,lopo,ALL,1,2022,991.0,,94.853683148335,,1.375607720100361,,0.9484387791859056,,50.37606531381607,,18149.0,,352.0087890625,,26.286420500582608,,39.483702276083925,,3083.886801649691,,81.5,,201.50426125526428,,94.84009729659137,,87.04453441295547,,,,,
VIT,L0,lopo,dataset_pids_gonzalo,1,2022,248.0,,97.98387096774194,,1.749309638593084,,0.9797042939588076,,39.21971821784973,,18149.0,,352.0087890625,,23.774740500812182,,27.588884450960897,,3803.083505487398,,73.0,,,,,,,,,,,
VIT,L0,lopo,dataset_pids_iria,1,2022,247.0,,94.33198380566802,,2.8837168813976564,,0.9433251252102504,,49.45624613761902,,18149.0,,352.0087890625,,23.706697502348103,,27.29601945393369,,3776.845630637552,,93.0,,,,,,,,,,,
VIT,L0,lopo,dataset_pids_marta,1,2022,247.0,,87.04453441295547,,4.187982522440154,,0.8658382903723287,,35.22062158584595,,18149.0,,352.0087890625,,24.136791500495747,,58.3260000003065,,1983.6820170865003,,64.0,,,,,,,,,,,
VIT,L0,lopo,dataset_pids_miguel,1,2022,249.0,,100.0,,0.0,,1.0,,77.60767531394958,,18149.0,,352.0087890625,,33.52745249867439,,44.723905199134606,,2771.936053387313,,96.0,,,,,,,,,,,
VIT,L0_size,lopo,ALL,3,2022 2023 2024,991.0,0.0,97.24184325597041,0.3243743949207106,1.0184486719724701,0.05740037552248663,0.97248172137275,0.0032195260319767198,54.07001588741938,14.12357414050198,18149.0,0.0,352.0087890625,0.0,27.267783208420344,1.895571211226776,40.94584701251731,6.16279065780589,3614.675280824827,501.0871963643838,94.83333333333333,16.86774535417622,216.28006354967752,56.494296562007925,97.23686275728487,0.32512657720806204,95.41160593792172,0.6184312678752765,,,,
VIT,L0_size,lopo,dataset_pids_gonzalo,3,2022 2023 2024,248.0,0.0,98.25268817204302,0.23280252789905037,1.6283340157982042,0.10476796257900954,0.9825471741493154,0.002292981310515483,57.81727687517802,24.41103976082165,18149.0,0.0,352.0087890625,0.0,27.39093766649603,0.7397141750225793,46.45545165052067,20.30072296278144,3712.7796464541157,474.1271294439525,96.33333333333333,38.7986254052039,,,,,,,,,,
VIT,L0_size,lopo,dataset_pids_iria,3,2022 2023 2024,247.0,0.0,95.54655870445345,0.8097165991902724,2.5647048680172344,0.22409396279368052,0.9555213783110948,0.008172495097876854,51.35563739140829,14.306851293059372,18149.0,0.0,352.0087890625,0.0,26.088266333924064,3.472266394631029,39.15130585022174,8.41641038965049,3871.441296048444,652.8238608228195,95.33333333333333,23.352373184182657,,,,,,,,,,
VIT,L0_size,lopo,dataset_pids_marta,3,2022 2023 2024,247.0,0.0,95.95141700404857,0.40485829959513353,2.455785118649832,0.11789150158057758,0.9595717419650652,0.003965594716886731,59.821582873662315,29.065032060980144,18149.0,0.0,352.0087890625,0.0,27.635114165605046,0.2425985336867571,35.586907267740266,3.769453184021729,3485.6142332607687,337.0685374823567,108.0,46.89349635077342,,,,,,,,,,
VIT,L0_size,lopo,dataset_pids_miguel,3,2022 2023 2024,249.0,0.0,99.1967871485944,0.0,1.1087165367510772,0.0,0.9919978658129919,1.8482601655371756e-06,47.28556640942892,8.343532474759293,18149.0,0.0,352.0087890625,0.0,27.956814667656243,3.5773254936654166,42.58972328158658,19.720905463534567,3388.8659475359796,576.5753497300558,79.66666666666667,6.658328118479393,,,,,,,,,,
VIT,L0_size,split,ALL,3,2022 2023 2024,295.0,0.0,98.07909604519773,0.7056494913444624,1.5487861618630212,0.27484643498884537,0.9810224230601979,0.006879495883324681,51.2005128065745,19.68320732285314,18149.0,0.0,352.0087890625,0.0,27.81117683237729,0.3032452998247183,38.50883528211852,6.333582526493204,3058.2342707012917,625.7191589287929,86.0,35.156791662493895,,,,,,,,,,
VIT,L0_size,split,dataset_pids_gonzalo,3,2022 2023 2024,73.0,0.0,98.63013698630137,0.0,2.66647815067503,0.0,0.9866518353726365,0.0,,,,,,,,,,,,,,,,,,,,,,,,
VIT,L0_size,split,dataset_pids_iria,3,2022 2023 2024,73.0,0.0,98.17351598173515,3.163563118847265,1.7402236539138471,3.014155785111942,0.9819604086845466,0.03124548870614358,,,,,,,,,,,,,,,,,,,,,,,,
VIT,L0_size,split,dataset_pids_marta,3,2022 2023 2024,74.0,0.0,95.49549549549549,0.7802030664724608,4.713139529232293,0.3801840369522601,0.9546283619976613,0.007240961384997881,,,,,,,,,,,,,,,,,,,,,,,,
VIT,L0_size,split,dataset_pids_miguel,3,2022 2023 2024,75.0,0.0,100.0,0.0,0.0,0.0,1.0,0.0,,,,,,,,,,,,,,,,,,,,,,,,
VIT,None,lopo,ALL,1,2022,991.0,,88.90010090817356,,1.95582451943898,,0.888668585774537,,65.05521261692047,,18149.0,,352.0087890625,,28.979370499655488,,45.18249315096908,,3527.118375407422,,108.25,,260.2208504676819,,88.87700141036916,,68.82591093117408,,,,,
VIT,None,lopo,dataset_pids_gonzalo,1,2022,248.0,,91.12903225806453,,3.538702966270978,,0.91052557928989,,67.61293721199036,,18149.0,,352.0087890625,,30.773551497986773,,38.35434179891308,,2845.401193205252,,112.0,,,,,,,,,,,
VIT,None,lopo,dataset_pids_iria,1,2022,247.0,,96.35627530364371,,2.3367937086441755,,0.9635769034236076,,111.93295049667358,,18149.0,,352.0087890625,,31.11396050371696,,59.13619759739956,,3192.257803190207,,188.0,,,,,,,,,,,
VIT,None,lopo,dataset_pids_marta,1,2022,247.0,,68.82591093117408,,5.776708655567202,,0.6290893616393307,,43.28628492355347,,18149.0,,352.0087890625,,30.27305800060276,,51.94411475422383,,4022.5125382260526,,66.0,,,,,,,,,,,
VIT,None,lopo,dataset_pids_miguel,1,2022,249.0,,99.19678714859438,,1.1087165367510772,,0.991959595959596,,37.38867783546448,,18149.0,,352.0087890625,,23.756911996315463,,31.29531845333985,,4048.301967008176,,67.0,,,,,,,,,,,
